{
  "k": 80,
  "equities": [
    0.851675,
    0.823245,
    0.80133,
    0.77352,
    0.749935,
    0.72163,
    0.69205,
    0.661665,
    0.63462,
    0.601275,
    0.56869,
    0.53821,
    0.505645,
    0.670005,
    0.659455,
    0.655585,
    0.647215,
    0.62831,
    0.61884,
    0.60833,
    0.600635,
    0.599995,
    0.59153,
    0.58213,
    0.570315,
    0.63555,
    0.623195,
    0.616105,
    0.60214,
    0.581885,
    0.574885,
    0.565325,
    0.556935,
    0.547215,
    0.54283,
    0.532215,
    0.603545,
    0.595795,
    0.57617,
    0.56227,
    0.541685,
    0.53597,
    0.52818,
    0.51798,
    0.511895,
    0.50259,
    0.57621,
    0.556395,
    0.541245,
    0.52349,
    0.504485,
    0.501395,
    0.4911,
    0.482475,
    0.473305,
    0.537255,
    0.527595,
    0.504485,
    0.488105,
    0.471145,
    0.465045,
    0.45753,
    0.44867,
    0.5077,
    0.495035,
    0.472215,
    0.45802,
    0.439145,
    0.432235,
    0.42191,
    0.47962,
    0.46221,
    0.447805,
    0.424715,
    0.40827,
    0.40154,
    0.454695,
    0.43724,
    0.41842,
    0.40045,
    0.37972,
    0.43184,
    0.414,
    0.39589,
    0.37737,
    0.41257,
    0.397065,
    0.376395,
    0.3897,
    0.370335,
    0.3593,
    0.65308,
    0.64536,
    0.63707,
    0.62732,
    0.608775,
    0.59812,
    0.59115,
    0.57562,
    0.57657,
    0.56846,
    0.55926,
    0.549575,
    0.615135,
    0.606165,
    0.595315,
    0.57796,
    0.559945,
    0.55293,
    0.54321,
    0.53259,
    0.52432,
    0.512925,
    0.503495,
    0.58078,
    0.572695,
    0.55324,
    0.534325,
    0.517675,
    0.51024,
    0.50083,
    0.490255,
    0.479265,
    0.472565,
    0.552235,
    0.535145,
    0.51532,
    0.496345,
    0.47774,
    0.473775,
    0.462455,
    0.45003,
    0.44389,
    0.515865,
    0.49566,
    0.482135,
    0.459335,
    0.441965,
    0.436955,
    0.426605,
    0.41804,
    0.48127,
    0.464625,
    0.44594,
    0.42753,
    0.40731,
    0.40361,
    0.390725,
    0.449245,
    0.43061,
    0.41242,
    0.39546,
    0.37298,
    0.367535,
    0.422985,
    0.40557,
    0.38723,
    0.365695,
    0.348415,
    0.39598,
    0.37867,
    0.362555,
    0.33951,
    0.38064,
    0.362185,
    0.34347,
    0.348395,
    0.33217,
    0.32419
  ],
  "buckets": [
    79,
    79,
    79,
    78,
    78,
    77,
    76,
    75,
    72,
    66,
    57,
    49,
    40,
    75,
    75,
    74,
    73,
    71,
    70,
    68,
    66,
    65,
    63,
    62,
    57,
    72,
    70,
    69,
    66,
    62,
    59,
    56,
    54,
    52,
    51,
    46,
    67,
    64,
    60,
    55,
    50,
    48,
    45,
    43,
    42,
    38,
    60,
    54,
    50,
    44,
    39,
    37,
    35,
    34,
    31,
    49,
    45,
    39,
    35,
    29,
    28,
    26,
    24,
    40,
    36,
    30,
    26,
    21,
    20,
    17,
    32,
    27,
    24,
    18,
    14,
    12,
    26,
    21,
    16,
    12,
    8,
    20,
    15,
    10,
    6,
    15,
    11,
    6,
    9,
    5,
    3,
    74,
    73,
    72,
    71,
    68,
    65,
    63,
    59,
    60,
    57,
    55,
    52,
    69,
    68,
    64,
    61,
    55,
    53,
    51,
    46,
    44,
    42,
    38,
    62,
    58,
    53,
    47,
    43,
    41,
    37,
    35,
    32,
    30,
    53,
    47,
    43,
    36,
    32,
    31,
    27,
    25,
    22,
    43,
    36,
    34,
    26,
    22,
    21,
    18,
    16,
    33,
    28,
    23,
    18,
    14,
    13,
    9,
    24,
    19,
    15,
    10,
    5,
    4,
    17,
    13,
    9,
    4,
    2,
    10,
    7,
    3,
    1,
    8,
    3,
    1,
    2,
    0,
    0
  ],
  "centers": [
    0.32818,
    0.34148999999999996,
    0.34840499999999996,
    0.36134666666666665,
    0.366615,
    0.3716575,
    0.3768825,
    0.37867,
    0.38017999999999996,
    0.3892183333333333,
    0.39577666666666667,
    0.397065,
    0.400995,
    0.40459,
    0.40779,
    0.4129966666666667,
    0.41823,
    0.4224475,
    0.42628333333333335,
    0.43061,
    0.43203749999999996,
    0.43778,
    0.44292750000000003,
    0.44594,
    0.4485733333333333,
    0.45003,
    0.457395,
    0.46233250000000004,
    0.464835,
    0.471145,
    0.47239,
    0.47353999999999996,
    0.478875,
    0.48127,
    0.482305,
    0.48982,
    0.49567999999999995,
    0.5011125000000001,
    0.5030425000000001,
    0.504485,
    0.5066725000000001,
    0.51024,
    0.51241,
    0.51671,
    0.5239050000000001,
    0.5278875000000001,
    0.5324025,
    0.534735,
    0.53597,
    0.5377325,
    0.541465,
    0.5430200000000001,
    0.548395,
    0.5528016666666667,
    0.556665,
    0.5604916666666666,
    0.565325,
    0.569155,
    0.572695,
    0.5752524999999999,
    0.5763166666666667,
    0.57796,
    0.5815983333333333,
    0.59134,
    0.5955550000000001,
    0.5990575,
    0.60135,
    0.603545,
    0.6077566666666666,
    0.6156200000000001,
    0.6210175,
    0.627815,
    0.6357466666666666,
    0.6462875,
    0.6543325,
    0.6637083333333332,
    0.69205,
    0.72163,
    0.7617275,
    0.8254166666666666
  ],
  "mc_samples": 100000,
  "seed": 42,
  "build_label": "preflop-K80-S100000"
}
