{
  "k": 30,
  "equities": [
    0.851675,
    0.823245,
    0.80133,
    0.77352,
    0.749935,
    0.72163,
    0.69205,
    0.661665,
    0.63462,
    0.601275,
    0.56869,
    0.53821,
    0.505645,
    0.670005,
    0.659455,
    0.655585,
    0.647215,
    0.62831,
    0.61884,
    0.60833,
    0.600635,
    0.599995,
    0.59153,
    0.58213,
    0.570315,
    0.63555,
    0.623195,
    0.616105,
    0.60214,
    0.581885,
    0.574885,
    0.565325,
    0.556935,
    0.547215,
    0.54283,
    0.532215,
    0.603545,
    0.595795,
    0.57617,
    0.56227,
    0.541685,
    0.53597,
    0.52818,
    0.51798,
    0.511895,
    0.50259,
    0.57621,
    0.556395,
    0.541245,
    0.52349,
    0.504485,
    0.501395,
    0.4911,
    0.482475,
    0.473305,
    0.537255,
    0.527595,
    0.504485,
    0.488105,
    0.471145,
    0.465045,
    0.45753,
    0.44867,
    0.5077,
    0.495035,
    0.472215,
    0.45802,
    0.439145,
    0.432235,
    0.42191,
    0.47962,
    0.46221,
    0.447805,
    0.424715,
    0.40827,
    0.40154,
    0.454695,
    0.43724,
    0.41842,
    0.40045,
    0.37972,
    0.43184,
    0.414,
    0.39589,
    0.37737,
    0.41257,
    0.397065,
    0.376395,
    0.3897,
    0.370335,
    0.3593,
    0.65308,
    0.64536,
    0.63707,
    0.62732,
    0.608775,
    0.59812,
    0.59115,
    0.57562,
    0.57657,
    0.56846,
    0.55926,
    0.549575,
    0.615135,
    0.606165,
    0.595315,
    0.57796,
    0.559945,
    0.55293,
    0.54321,
    0.53259,
    0.52432,
    0.512925,
    0.503495,
    0.58078,
    0.572695,
    0.55324,
    0.534325,
    0.517675,
    0.51024,
    0.50083,
    0.490255,
    0.479265,
    0.472565,
    0.552235,
    0.535145,
    0.51532,
    0.496345,
    0.47774,
    0.473775,
    0.462455,
    0.45003,
    0.44389,
    0.515865,
    0.49566,
    0.482135,
    0.459335,
    0.441965,
    0.436955,
    0.426605,
    0.41804,
    0.48127,
    0.464625,
    0.44594,
    0.42753,
    0.40731,
    0.40361,
    0.390725,
    0.449245,
    0.43061,
    0.41242,
    0.39546,
    0.37298,
    0.367535,
    0.422985,
    0.40557,
    0.38723,
    0.365695,
    0.348415,
    0.39598,
    0.37867,
    0.362555,
    0.33951,
    0.38064,
    0.362185,
    0.34347,
    0.348395,
    0.33217,
    0.32419
  ],
  "buckets": [
    29,
    29,
    29,
    29,
    28,
    28,
    28,
    27,
    26,
    25,
    21,
    18,
    14,
    27,
    27,
    27,
    27,
    26,
    26,
    25,
    25,
    25,
    24,
    23,
    21,
    26,
    26,
    26,
    25,
    23,
    22,
    21,
    20,
    19,
    19,
    17,
    25,
    24,
    22,
    20,
    18,
    18,
    17,
    16,
    15,
    14,
    22,
    20,
    18,
    16,
    14,
    14,
    13,
    12,
    11,
    18,
    17,
    14,
    13,
    11,
    10,
    10,
    9,
    15,
    13,
    11,
    10,
    8,
    7,
    6,
    12,
    10,
    9,
    6,
    5,
    4,
    9,
    8,
    6,
    4,
    2,
    7,
    5,
    4,
    2,
    5,
    4,
    2,
    3,
    2,
    1,
    27,
    27,
    26,
    26,
    25,
    24,
    24,
    22,
    22,
    21,
    20,
    19,
    26,
    25,
    24,
    22,
    20,
    20,
    19,
    17,
    16,
    15,
    14,
    23,
    22,
    20,
    17,
    16,
    15,
    14,
    13,
    12,
    11,
    20,
    17,
    16,
    13,
    12,
    11,
    10,
    9,
    8,
    16,
    13,
    12,
    10,
    8,
    8,
    7,
    6,
    12,
    10,
    9,
    7,
    5,
    4,
    3,
    9,
    7,
    5,
    4,
    2,
    1,
    6,
    5,
    3,
    1,
    0,
    4,
    2,
    1,
    0,
    2,
    1,
    0,
    0,
    0,
    0
  ],
  "centers": [
    0.3393583333333334,
    0.363454,
    0.3765871428571429,
    0.3892183333333333,
    0.39857071428571433,
    0.41002333333333335,
    0.421214,
    0.42976400000000003,
    0.439839,
    0.44939749999999995,
    0.4613171428571428,
    0.47260099999999994,
    0.48041749999999994,
    0.49274999999999997,
    0.503275,
    0.51069,
    0.5191083333333334,
    0.531675,
    0.5388729999999999,
    0.5457075,
    0.55665125,
    0.5681975,
    0.5757300000000001,
    0.5815983333333333,
    0.5943820000000001,
    0.6038574999999999,
    0.6262383333333332,
    0.6560521428571429,
    0.721205,
    0.8124425
  ],
  "mc_samples": 100000,
  "seed": 42,
  "build_label": "preflop-K30-S100000"
}
