{
  "mode": "lossless",
  "k": 169,
  "equities": [
    0.851675,
    0.823245,
    0.80133,
    0.77352,
    0.749935,
    0.72163,
    0.69205,
    0.661665,
    0.63462,
    0.601275,
    0.56869,
    0.53821,
    0.505645,
    0.670005,
    0.659455,
    0.655585,
    0.647215,
    0.62831,
    0.61884,
    0.60833,
    0.600635,
    0.599995,
    0.59153,
    0.58213,
    0.570315,
    0.63555,
    0.623195,
    0.616105,
    0.60214,
    0.581885,
    0.574885,
    0.565325,
    0.556935,
    0.547215,
    0.54283,
    0.532215,
    0.603545,
    0.595795,
    0.57617,
    0.56227,
    0.541685,
    0.53597,
    0.52818,
    0.51798,
    0.511895,
    0.50259,
    0.57621,
    0.556395,
    0.541245,
    0.52349,
    0.504485,
    0.501395,
    0.4911,
    0.482475,
    0.473305,
    0.537255,
    0.527595,
    0.504485,
    0.488105,
    0.471145,
    0.465045,
    0.45753,
    0.44867,
    0.5077,
    0.495035,
    0.472215,
    0.45802,
    0.439145,
    0.432235,
    0.42191,
    0.47962,
    0.46221,
    0.447805,
    0.424715,
    0.40827,
    0.40154,
    0.454695,
    0.43724,
    0.41842,
    0.40045,
    0.37972,
    0.43184,
    0.414,
    0.39589,
    0.37737,
    0.41257,
    0.397065,
    0.376395,
    0.3897,
    0.370335,
    0.3593,
    0.65308,
    0.64536,
    0.63707,
    0.62732,
    0.608775,
    0.59812,
    0.59115,
    0.57562,
    0.57657,
    0.56846,
    0.55926,
    0.549575,
    0.615135,
    0.606165,
    0.595315,
    0.57796,
    0.559945,
    0.55293,
    0.54321,
    0.53259,
    0.52432,
    0.512925,
    0.503495,
    0.58078,
    0.572695,
    0.55324,
    0.534325,
    0.517675,
    0.51024,
    0.50083,
    0.490255,
    0.479265,
    0.472565,
    0.552235,
    0.535145,
    0.51532,
    0.496345,
    0.47774,
    0.473775,
    0.462455,
    0.45003,
    0.44389,
    0.515865,
    0.49566,
    0.482135,
    0.459335,
    0.441965,
    0.436955,
    0.426605,
    0.41804,
    0.48127,
    0.464625,
    0.44594,
    0.42753,
    0.40731,
    0.40361,
    0.390725,
    0.449245,
    0.43061,
    0.41242,
    0.39546,
    0.37298,
    0.367535,
    0.422985,
    0.40557,
    0.38723,
    0.365695,
    0.348415,
    0.39598,
    0.37867,
    0.362555,
    0.33951,
    0.38064,
    0.362185,
    0.34347,
    0.348395,
    0.33217,
    0.32419
  ],
  "buckets": [
    0,
    1,
    2,
    3,
    4,
    5,
    6,
    7,
    8,
    9,
    10,
    11,
    12,
    13,
    14,
    15,
    16,
    17,
    18,
    19,
    20,
    21,
    22,
    23,
    24,
    25,
    26,
    27,
    28,
    29,
    30,
    31,
    32,
    33,
    34,
    35,
    36,
    37,
    38,
    39,
    40,
    41,
    42,
    43,
    44,
    45,
    46,
    47,
    48,
    49,
    50,
    51,
    52,
    53,
    54,
    55,
    56,
    57,
    58,
    59,
    60,
    61,
    62,
    63,
    64,
    65,
    66,
    67,
    68,
    69,
    70,
    71,
    72,
    73,
    74,
    75,
    76,
    77,
    78,
    79,
    80,
    81,
    82,
    83,
    84,
    85,
    86,
    87,
    88,
    89,
    90,
    91,
    92,
    93,
    94,
    95,
    96,
    97,
    98,
    99,
    100,
    101,
    102,
    103,
    104,
    105,
    106,
    107,
    108,
    109,
    110,
    111,
    112,
    113,
    114,
    115,
    116,
    117,
    118,
    119,
    120,
    121,
    122,
    123,
    124,
    125,
    126,
    127,
    128,
    129,
    130,
    131,
    132,
    133,
    134,
    135,
    136,
    137,
    138,
    139,
    140,
    141,
    142,
    143,
    144,
    145,
    146,
    147,
    148,
    149,
    150,
    151,
    152,
    153,
    154,
    155,
    156,
    157,
    158,
    159,
    160,
    161,
    162,
    163,
    164,
    165,
    166,
    167,
    168
  ],
  "centers": [
    0.851675,
    0.823245,
    0.80133,
    0.77352,
    0.749935,
    0.72163,
    0.69205,
    0.661665,
    0.63462,
    0.601275,
    0.56869,
    0.53821,
    0.505645,
    0.670005,
    0.659455,
    0.655585,
    0.647215,
    0.62831,
    0.61884,
    0.60833,
    0.600635,
    0.599995,
    0.59153,
    0.58213,
    0.570315,
    0.63555,
    0.623195,
    0.616105,
    0.60214,
    0.581885,
    0.574885,
    0.565325,
    0.556935,
    0.547215,
    0.54283,
    0.532215,
    0.603545,
    0.595795,
    0.57617,
    0.56227,
    0.541685,
    0.53597,
    0.52818,
    0.51798,
    0.511895,
    0.50259,
    0.57621,
    0.556395,
    0.541245,
    0.52349,
    0.504485,
    0.501395,
    0.4911,
    0.482475,
    0.473305,
    0.537255,
    0.527595,
    0.504485,
    0.488105,
    0.471145,
    0.465045,
    0.45753,
    0.44867,
    0.5077,
    0.495035,
    0.472215,
    0.45802,
    0.439145,
    0.432235,
    0.42191,
    0.47962,
    0.46221,
    0.447805,
    0.424715,
    0.40827,
    0.40154,
    0.454695,
    0.43724,
    0.41842,
    0.40045,
    0.37972,
    0.43184,
    0.414,
    0.39589,
    0.37737,
    0.41257,
    0.397065,
    0.376395,
    0.3897,
    0.370335,
    0.3593,
    0.65308,
    0.64536,
    0.63707,
    0.62732,
    0.608775,
    0.59812,
    0.59115,
    0.57562,
    0.57657,
    0.56846,
    0.55926,
    0.549575,
    0.615135,
    0.606165,
    0.595315,
    0.57796,
    0.559945,
    0.55293,
    0.54321,
    0.53259,
    0.52432,
    0.512925,
    0.503495,
    0.58078,
    0.572695,
    0.55324,
    0.534325,
    0.517675,
    0.51024,
    0.50083,
    0.490255,
    0.479265,
    0.472565,
    0.552235,
    0.535145,
    0.51532,
    0.496345,
    0.47774,
    0.473775,
    0.462455,
    0.45003,
    0.44389,
    0.515865,
    0.49566,
    0.482135,
    0.459335,
    0.441965,
    0.436955,
    0.426605,
    0.41804,
    0.48127,
    0.464625,
    0.44594,
    0.42753,
    0.40731,
    0.40361,
    0.390725,
    0.449245,
    0.43061,
    0.41242,
    0.39546,
    0.37298,
    0.367535,
    0.422985,
    0.40557,
    0.38723,
    0.365695,
    0.348415,
    0.39598,
    0.37867,
    0.362555,
    0.33951,
    0.38064,
    0.362185,
    0.34347,
    0.348395,
    0.33217,
    0.32419
  ],
  "mc_samples": 100000,
  "seed": 42,
  "build_label": "preflop-lossless-K169-S100000"
}
