{
  "k": 50,
  "equities": [
    0.851675,
    0.823245,
    0.80133,
    0.77352,
    0.749935,
    0.72163,
    0.69205,
    0.661665,
    0.63462,
    0.601275,
    0.56869,
    0.53821,
    0.505645,
    0.670005,
    0.659455,
    0.655585,
    0.647215,
    0.62831,
    0.61884,
    0.60833,
    0.600635,
    0.599995,
    0.59153,
    0.58213,
    0.570315,
    0.63555,
    0.623195,
    0.616105,
    0.60214,
    0.581885,
    0.574885,
    0.565325,
    0.556935,
    0.547215,
    0.54283,
    0.532215,
    0.603545,
    0.595795,
    0.57617,
    0.56227,
    0.541685,
    0.53597,
    0.52818,
    0.51798,
    0.511895,
    0.50259,
    0.57621,
    0.556395,
    0.541245,
    0.52349,
    0.504485,
    0.501395,
    0.4911,
    0.482475,
    0.473305,
    0.537255,
    0.527595,
    0.504485,
    0.488105,
    0.471145,
    0.465045,
    0.45753,
    0.44867,
    0.5077,
    0.495035,
    0.472215,
    0.45802,
    0.439145,
    0.432235,
    0.42191,
    0.47962,
    0.46221,
    0.447805,
    0.424715,
    0.40827,
    0.40154,
    0.454695,
    0.43724,
    0.41842,
    0.40045,
    0.37972,
    0.43184,
    0.414,
    0.39589,
    0.37737,
    0.41257,
    0.397065,
    0.376395,
    0.3897,
    0.370335,
    0.3593,
    0.65308,
    0.64536,
    0.63707,
    0.62732,
    0.608775,
    0.59812,
    0.59115,
    0.57562,
    0.57657,
    0.56846,
    0.55926,
    0.549575,
    0.615135,
    0.606165,
    0.595315,
    0.57796,
    0.559945,
    0.55293,
    0.54321,
    0.53259,
    0.52432,
    0.512925,
    0.503495,
    0.58078,
    0.572695,
    0.55324,
    0.534325,
    0.517675,
    0.51024,
    0.50083,
    0.490255,
    0.479265,
    0.472565,
    0.552235,
    0.535145,
    0.51532,
    0.496345,
    0.47774,
    0.473775,
    0.462455,
    0.45003,
    0.44389,
    0.515865,
    0.49566,
    0.482135,
    0.459335,
    0.441965,
    0.436955,
    0.426605,
    0.41804,
    0.48127,
    0.464625,
    0.44594,
    0.42753,
    0.40731,
    0.40361,
    0.390725,
    0.449245,
    0.43061,
    0.41242,
    0.39546,
    0.37298,
    0.367535,
    0.422985,
    0.40557,
    0.38723,
    0.365695,
    0.348415,
    0.39598,
    0.37867,
    0.362555,
    0.33951,
    0.38064,
    0.362185,
    0.34347,
    0.348395,
    0.33217,
    0.32419
  ],
  "buckets": [
    49,
    49,
    49,
    48,
    48,
    48,
    47,
    46,
    45,
    41,
    35,
    30,
    24,
    47,
    46,
    46,
    46,
    44,
    43,
    42,
    41,
    41,
    39,
    38,
    36,
    45,
    44,
    43,
    41,
    38,
    37,
    35,
    34,
    32,
    31,
    29,
    41,
    40,
    37,
    34,
    31,
    30,
    28,
    27,
    26,
    23,
    37,
    34,
    31,
    28,
    24,
    23,
    22,
    21,
    19,
    30,
    28,
    24,
    21,
    18,
    17,
    16,
    15,
    25,
    22,
    18,
    16,
    13,
    12,
    11,
    20,
    17,
    15,
    11,
    8,
    7,
    16,
    13,
    10,
    7,
    4,
    12,
    9,
    6,
    4,
    9,
    6,
    4,
    5,
    3,
    2,
    46,
    46,
    45,
    44,
    42,
    40,
    39,
    37,
    37,
    35,
    34,
    32,
    43,
    42,
    40,
    37,
    34,
    33,
    31,
    29,
    28,
    26,
    24,
    38,
    36,
    33,
    29,
    27,
    26,
    23,
    22,
    20,
    19,
    33,
    30,
    27,
    22,
    20,
    19,
    17,
    15,
    14,
    27,
    22,
    21,
    16,
    14,
    13,
    11,
    10,
    21,
    17,
    14,
    11,
    8,
    8,
    5,
    15,
    12,
    9,
    6,
    3,
    3,
    11,
    8,
    5,
    2,
    1,
    6,
    4,
    2,
    1,
    4,
    2,
    1,
    1,
    0,
    0
  ],
  "centers": [
    0.32818,
    0.34494749999999996,
    0.36243375,
    0.3702833333333333,
    0.378559,
    0.3892183333333333,
    0.39609875,
    0.400995,
    0.40619,
    0.4129966666666667,
    0.41823,
    0.424749,
    0.4315616666666666,
    0.43778,
    0.44393166666666667,
    0.4489375,
    0.457395,
    0.46358375,
    0.47168,
    0.473215,
    0.478875,
    0.48349624999999996,
    0.49367900000000003,
    0.5016050000000001,
    0.5045275,
    0.5077,
    0.5116866666666667,
    0.51671,
    0.5258962500000001,
    0.5330433333333334,
    0.536645,
    0.5422425,
    0.548395,
    0.5528016666666667,
    0.5589609999999999,
    0.5674916666666666,
    0.5715049999999999,
    0.5762358333333334,
    0.5815983333333333,
    0.59134,
    0.59641,
    0.601518,
    0.6077566666666666,
    0.6166933333333333,
    0.626275,
    0.6357466666666666,
    0.6537266666666667,
    0.6810275,
    0.7483616666666667,
    0.8254166666666666
  ],
  "mc_samples": 100000,
  "seed": 42,
  "build_label": "preflop-K50-S100000"
}
